{
  "oof_acc_seq_tf": 0.3845432098765432,
  "oof_acc_seq_bl": 0.3652098765432099,
  "oof_acc_tab": 0.20301234567901236,
  "oof_acc_meta": 0.427679012345679
}